text,label
气吞山河,自信
小声嘟囔,害羞
葛优躺,平静
忧心忡忡地皱眉,担心
恐惧地咬着手指,害怕
害怕得缩成一团,害怕
害羞得缩了缩脖子,害羞
激动地抓着头发,兴奋
不安地看向窗外,担心
疑惑地歪着头表示困惑,疑惑
愤怒地扭头,生气
核爆级羞耻,难为情
兴奋地拍着爪子,高兴
开心地前后摇摆,兴奋
不安地舔嘴唇,担心
耳朵害羞地轻轻垂下,害羞
满足地舔舔嘴唇,高兴
核威胁,生气
用尾巴轻轻拍打椅子,无奈
突然使坏,调皮
恶心地捂住嘴,厌恶
轻轻侧过脸,害羞
羞耻尖叫,难为情
尾巴害怕地卷起来,害怕
腰肢轻扭,心动
害怕地捂住耳朵,害怕
困惑地歪着头思考问题,疑惑
恶作剧,调皮
用尾巴轻轻缠住脚踝,无奈
不慌不忙地整理,认真
愤愤不平地叉腰,生气
手指轻轻绞在一起,害怕
轻轻靠近你,高兴
不可思议,惊讶
左顾右盼,慌张
端起咖啡继续思考,认真
用尾巴尖轻轻扫地面,无奈
气得尾巴炸毛,生气
渴求爱抚,心动
用纸团丢人,调皮
羞耻漏气,难为情
语无伦次,难为情
亢奋,兴奋
担心地来回踱步,担心
吐露爱语,心动
兴奋地拍打椅背,兴奋
困惑地歪着脑袋发出困惑的声音,疑惑
害羞地玩着尾巴,害羞
反感地缩脖子,厌恶
波澜不惊,平静
灵魂拷问,疑惑
摆动着尾巴蹦跶,高兴
挑眉,自信
灵魂出窍,慌张
激动得说话都破音,兴奋
脚步不自觉后退,紧张
厌恶地往后仰,厌恶
坐立不安,紧张
哭到抓衣角,哭泣
用指甲轻轻敲击杯子,无奈
愤怒地翘起尾巴,生气
从指缝里偷看你,害羞
惊视,惊讶
兴奋地跳着转圈,兴奋
小声地呜咽,哭泣
突然牛哞,难为情
轻轻依偎在你身旁,高兴
焦虑地来回踱步,担心
躲在角落里缩成一团,害怕
气鼓鼓地跺脚,生气
惊喘,惊讶
不安地搓着手,担心
厌恶地憋着气,厌恶
哭到抓头发,哭泣
嘴巴微微上扬,高兴
担心地望向远处,担心
嘴角微微下撇,厌恶
不解地歪着头看你,疑惑
不解地眨眨眼,疑惑
神色淡然,平静
冷着脸叉腰,生气
羞愤欲死,生气
胸有丘壑,自信
用手掌撑着脸颊发呆,无奈
眨眼,调皮
鼻子抽动,哭泣
惊愕,惊讶
困惑地歪着脑袋发出困惑的呜声,疑惑
不安地咬指甲,担心
皱起眉毛盯着你,厌恶
反感地皱眉毛,厌恶
伸出爪子碰碰你,高兴
把下巴搁在桌子上,无奈
噘着嘴鼓腮帮,生气
指挥若定,自信
超出预期,惊讶
得意挑眉,自信
开心地蹦跳着哼歌,兴奋
羞耻漏知,难为情
慌张地低头,慌张
恐惧地屏住呼吸,害怕
思考着点了点头,认真
兴奋地拍打房门,兴奋
害羞地低头,害羞
担心地绞着尾巴,担心
急得直跺脚,紧张
不安地搓着衣角,担心
目光闪烁,紧张
情动,心动
皱着眉咬着笔,认真
撅着嘴巴闷闷不乐,生气
不可思议,惊讶
抽离,平静
担心地绞着衣角,担心
眼神充满期待,高兴
害怕地抱住自己,害怕
偷换饮料,调皮
浑身紧绷,心动
入梦,平静
忐忑,紧张
轻松驾驭,自信
慌乱地理了理衣服,害羞
用尾巴拍地,生气
局促,紧张
踱步,自信
专注地做笔记,认真
厌恶地揪衣角,厌恶
把帽子反戴,调皮
轻轻贴近你,高兴
羞耻闭眼,难为情
猛然一惊,惊讶
抽抽搭搭,哭泣
嘟起嘴巴翻白眼,生气
嘴角弯得更深了,高兴
瞠目结舌,惊讶
藏东西,调皮
睥睨,自信
侧耳倾听,认真
风平浪静,平静
嘟着嘴,生气
害怕地环抱住自己,害怕
轻轻咬着指尖,害怕
眼里满是笑意,高兴
耳朵尖微微发烫,害羞
慌里慌张,慌张
用手指轻轻点嘴唇,无奈
用手指卷着头发发呆,无奈
振奋,兴奋
泰然处之,平静
轻轻摇头不再反驳,无奈
软绵绵地趴在你身上,高兴
把扣子解开,调皮
疑惑地歪着尾巴思考,疑惑
快乐地左右扭动,兴奋
清静,平静
激动地抓着衣角跳,兴奋
面不改色,平静
害羞地别开视线,害羞
哭到发抖,哭泣
拉头发逗弄,调皮
泪腺崩溃,哭泣
梨花带雨,哭泣
悲鸣,哭泣
疑惑地歪着头表示不解,疑惑
诧异莫名,惊讶
发情期标记,心动
腰身发颤,心动
耳朵轻轻抖动,害羞
坚定地注视着,认真
把帽子往下拉了拉,无奈
稳如老狗,自信
运筹决胜,自信
屏住呼吸,认真
淡定自若,自信
羞耻蹬腿,难为情
嘟嘴鼓腮帮瞪你,生气
紧紧抱住尾巴,高兴
不解地歪着耳朵听你解释,疑惑
咬着嘴唇哭,哭泣
哭哑嗓子,哭泣
泪湿地毯,哭泣
紧张,紧张
哭到捶地,哭泣
纳闷地翻看,疑惑
焦虑地咬着指甲,担心
不解地歪着头思考你的说法,疑惑
眼神躲闪不敢直视,害怕
闲庭信步,自信
平和,平静
紧张地揪衣摆,紧张
兴奋地拍打自己的腿,兴奋
狡黠地眨眼睛,调皮
不解地歪着耳朵听你描述,疑惑
茫然,平静
站立不稳,慌张
自得,平静
微微侧过脸颊,害羞
饿极,哭泣
惊魂未定,惊讶
惊悸,惊讶
吃惊地捂住胸口,惊讶
微微低头盯着地面,害羞
兴奋地踢踏着脚,兴奋
偷喝对方水,调皮
赖床,平静
想要,心动
羞耻扭动,难为情
双手合十露出笑容,高兴
眼神带着怒火,生气
用手指轻轻点耳后,无奈
紧张地竖起耳朵听,担心
快速做笔记,认真
悄悄握紧拳头,害羞
心跳加速,紧张
眉头紧皱,厌恶
耳朵害羞地耷拉下来,害羞
歪着头,疑惑
排卵期躁动,心动
啪嗒啪嗒拍爪子,高兴
乱了阵脚,慌张
尽在掌握,自信
翻阅资料,认真
用脚尖画着小圆圈,无奈
兴奋地拍打桌面,兴奋
尾巴害羞地摆动了一下,害羞
害怕地垂下眼,害怕
挂心,担心
掌控节奏,自信
咬着笔杆思索,认真
慌张地语无伦次,慌张
担心地搓手指,担心
成瘾性反应,心动
开心地蹦着走路,兴奋
困惑地歪着脑袋思考你说的事情,疑惑
不安地揉着耳朵,担心
哭到蹲下,哭泣
用指腹轻轻搓耳垂,无奈
兴奋地拍打柜子,兴奋
手足无措地搓着衣角,害怕
紧张地捏着衣角,担心
用指腹轻轻摩挲杯沿,无奈
激动地握拳挥舞,兴奋
瞬间脸红,害羞
紧张地抓着衣角,担心
假哭骗人,调皮
用胶带粘人,调皮
恶心地干呕,厌恶
用心地核对信息,认真
羞耻漏奶,难为情
恶心地打了个寒颤,厌恶
紧张,紧张
眼泪啪嗒啪嗒掉,哭泣
翻开书本,认真
躲到你身后探出半个头,害怕
小声地嗯了一下,害羞
小心翼翼地后退,慌张
嫌弃地捏鼻子,厌恶
阅读着文件,认真
红着眼眶,哭泣
私处湿润,心动
哭到头痛,哭泣
疑惑地歪着头表示怀疑,疑惑
捂脸跑,难为情
指尖微微颤抖,害怕
嫌弃地翻了个白眼,厌恶
声音发颤,紧张
羞耻窒息,难为情
托腮思索,认真
用冰手贴脖,调皮
吹耳朵,调皮
突然背起来,调皮
脸红得像熟透的苹果,害羞
快乐地左右摇摆身体,兴奋
把书倒着拿,调皮
悄悄吞了口口水,害羞
脸颊气鼓鼓,生气
惊恐地腿软,害怕
易如反掌,自信
突然重启,难为情
处变不惊,自信
傲然屹立,自信
屏气凝神,紧张
焦虑地咬着指甲,担心
下意识地捏紧拳头,紧张
晃椅子腿,调皮
晃指,自信
生闷气不说话,生气
开心地小跑着转圈,兴奋
绞着衣角,慌张
大脑过载,难为情
下意识地往后缩,害怕
眉头皱得更深了,厌恶
窒息,紧张
羞耻漏拍,难为情
下意识握拳,紧张
从容不迫,平静
端正坐姿,认真
激动地扑腾着尾巴,高兴
不安地来回张望,紧张
震惊地后退半步,惊讶
开心地蹦跳着说话,兴奋
开心地蹦跳着拍手,兴奋
不紧不慢地分析,认真
怒气冲冲,生气
手指蜷缩,紧张
撅嘴别过头,生气
贪恋体温,心动
耳尖泛红,心动
冷静,平静
愕然无语,惊讶
坦然,平静
紧张地竖起耳朵,担心
眼睛闪闪发亮地跳起来,兴奋
放下,平静
平稳,平静
气定神闲,平静
用指甲轻轻刮桌面,无奈
突然当机,难为情
忧心地皱起眉头,担心
焦虑地捏着手指,担心
一丝不苟,认真
用手指轻轻点鼻梁,无奈
嘴角微抿,认真
不安地看向远处,担心
突然扑过来,兴奋
哭到晕眩,哭泣
手指发抖,紧张
甩了甩尾巴似乎想甩掉不爽,厌恶
低头盯着地板,紧张
气得耳朵颤抖,生气
用手扇风假装冷静,无奈
志得意满,自信
慌张地打翻东西,慌张
胆战心惊,惊讶
捏鼻子玩,调皮
开心地蹦跳着说话,兴奋
困惑地歪着脑袋思考你的说法,疑惑
后仰露颈,心动
休憩,平静
尾巴甩得更快了,高兴
小爪子比心,高兴
眯起眼睛,认真
紧张地抿嘴唇,紧张
把刘海往后捋叹气,无奈
掐腰不高兴,生气
勾唇,自信
指尖游移,心动
困惑地歪着脑袋看你,疑惑
快乐地左右摇晃椅子,兴奋
低头抹眼泪,哭泣
哭到捂胸,哭泣
媚眼如丝,心动
纳闷,疑惑
无欲则刚,平静
运筹帷幄,自信
轻轻拽着自己的袖子,害羞
焦虑地来回踱步,担心
捣蛋,调皮
眼神充满怨念,生气
露出幸福的表情,高兴
把脸埋进尾巴里,害羞
羞耻漏光,难为情
湿濡,心动
快乐地晃着脑袋,兴奋
嘴角微微颤抖,害羞
震惊地说不出话,惊讶
轻轻揉了揉眉心,厌恶
仔细观察,认真
石破天惊,惊讶
发情期至,心动
悄悄拽住你的衣角,高兴
激动地抓着钥匙跳,兴奋
皱着眉头嘟囔,厌恶
脚尖轻轻磨蹭着地面,害羞
难以置信地眨眼,惊讶
轻轻拍了拍衣服,厌恶
忧虑地低头,担心
开心地摇摆身体,高兴
认命,无奈
鼻子皱起冷哼,生气
微微颤抖着尾巴,害羞
紧张得呼吸急促,紧张
眼神迷离,心动
手掌冒汗,慌张
臣服强者,心动
手舞足蹈地转圈圈,兴奋
默然,平静
头微微后仰避开气味,厌恶
眼泪汪汪,哭泣
蹦蹦跳跳,高兴
傲然挺立,自信
脸上洋溢着笑意,高兴
狠狠瞪了你一眼,生气
用手指轻轻点太阳穴,无奈
炸毛,生气
不安地踢了踢地面,害羞
不解地歪着头思考你的意思,疑惑
叉腰怒视,生气
用橡皮砸人,调皮
难以置信,惊讶
尾巴害羞地缩起来,害羞
无动于衷,平静
用指甲轻轻刮脖子,无奈
恐惧地握紧手,害怕
手指不停搅动,慌张
不满地哼了一声,生气
眼神放空看向天花板,无奈
靠在墙上放空大脑,无奈
扯衣角,调皮
泪痕交错,哭泣
沉稳,平静
凶巴巴但毫无威慑力,生气
手心冒汗,紧张
生气地撇过头去,生气
酣睡,平静
眼神闪烁,慌张
惊奇万分,惊讶
激动地抱住抱枕打滚,兴奋
淡定从容,自信
啜泣不止,哭泣
皱着眉思考,认真
专注地观看视频,认真
笔直地坐着,认真
尾椎发麻,心动
小腹燥热,心动
神情慌乱,慌张
惊慌地蜷缩,害怕
激动地抓着水杯跳,兴奋
脸颊烧得通红,害羞
把鞋藏床底,调皮
把脸埋进手掌里叹气,无奈
紧张地竖起耳朵听,担心
索取更多,心动
低头不敢看你,害羞
渴求征服,心动
装傻,调皮
细心调整内容,认真
轻咬下唇,紧张
疑惑地歪着尾巴思考你的描述,疑惑
怒气冲冲地甩尾巴,生气
快乐地左右晃着腿,兴奋
敏感度翻倍,心动
轻快地晃晃身体,高兴
恼火地甩尾巴,生气
紧张地揪着衣服,害羞
不安地揉着耳朵,担心
突然贴脸,调皮
咽了咽口水,害怕
担心地咬嘴唇,担心
魂飞魄散,惊讶
举重若轻,自信
臣服天性,心动
开心地小跑转圈,兴奋
轻轻扭动身体,害羞
没睡醒,平静
羞耻漏音,难为情
兴奋地抓着你的手臂摇晃,兴奋
社会性死亡,难为情
云淡风轻,平静
胡言乱语,难为情
不安地摆弄尾巴,担心
兴奋地拍打墙壁,兴奋
终极羞耻,害羞
泪眼朦胧,哭泣
悄悄往后退了一步,害羞
泪如断珠,哭泣
迷惑地看着,疑惑
眼里闪着思考的光,认真
哭到仰头,哭泣
惊慌地喘粗气,害怕
胸有城府,自信
轻轻按住自己的胸口,害羞
尾巴翘得更高了,高兴
开心地拍打自己的脸,兴奋
震惊,惊讶
不安地看向窗外,担心
摇晃着尾巴,高兴
成竹在胸,自信
寡淡,平静
带着哭腔,哭泣
不甘心,生气
不安地揪衣角,担心
羞耻打嗝,难为情
情欲涌动,心动
信手拈来,自信
抱膝哭泣,哭泣
凝视着前方,认真
自暴自弃,慌张
职业素养崩溃,慌张
双手交叉思考,认真
担心地握紧手,担心
悄悄地往你身后缩,害怕
轻轻皱眉,认真
嫌弃地晃了晃耳朵,厌恶
镇静,平静
双手抱胸叹气,无奈
担心地皱眉,担心
如坐针毡,慌张
鼓着腮帮,生气
紧张地搓着手指,紧张
稳如磐石,自信
泪水决堤,哭泣
手足无措地站着,慌张
反感地皱着脸,厌恶
突然短路,难为情
忙乱,慌张
疏离,平静
皱起鼻子,厌恶
警惕,紧张
慌乱地四处张望,慌张
呆若木鸡,惊讶
快乐地前后摆动手臂,兴奋
惊为天人,惊讶
皱起眉头撅嘴,生气
低头回避目光,紧张
轻轻眨眼,高兴
低头玩衣角不接话,无奈
快乐地晃着双脚,兴奋
当场去世,难为情
安然,平静
害怕地哆嗦,害怕
羞耻漏光,难为情
静默,平静
扭头看向窗外发呆,无奈
揉着眉心叹气,无奈
惊叫,惊讶
困倦,平静
淡然处之,平静
羞赧地搓手指,难为情
困惑地自言自语,疑惑
突然暴起,生气
全神贯注地听讲,认真
疑惑地歪着头表示不太明白,疑惑
躲进你怀里,害怕
伸懒腰,平静
耐心地研读,认真
悠然,平静
靠着墙慢慢滑坐下去,无奈
耳朵僵硬地立着,紧张
调皮地做鬼脸,调皮
嘴角抽搐但保持沉默,无奈
始料未及,惊讶
专心致志,认真
傲然,自信
惊慌地四处看,害怕
放空,平静
忧虑地攥紧手机,担心
把手插在口袋里晃悠,无奈
挠痒痒,调皮
悄悄屏住呼吸,害怕
困,平静
惊慌地倒退两步,害怕
深吸一口气,紧张
稳操胜算,自信
假装要头槌,调皮
犯困,平静
困惑地竖起一根手指,疑惑
把手放进衣兜里叹气,无奈
低头快速记录,认真
慌张地结巴,慌张
疯狂摇头,难为情
抱紧自己,慌张
妥协,无奈
泪水涟涟,哭泣
担心地绞着尾巴,担心
吃惊地张开嘴,惊讶
尾巴摇成风扇,高兴
用尾巴轻轻拍自己小腿,无奈
突然变得局促,慌张
双腿交叠,心动
突然学鸟啾,调皮
羞耻漏尿,难为情
困惑地歪着脑袋发出困惑的声音,疑惑
幽静,平静
吃惊地捏自己一下,惊讶
害怕地躲到角落,害怕
快乐地前后蹦跳,兴奋
握笔沉思,认真
居高临下,自信
手指轻轻绞在一起,害羞
沉浸在思考中,认真
沉稳地书写,认真
困惑地歪着头,疑惑
欢呼着举起双手,兴奋
厌恶地撇嘴,厌恶
猝不及防,惊讶
咬着嘴唇,害羞
撇嘴瞪你,生气
性感带觉醒,心动
惊骇,惊讶
不解地看着你,疑惑
托腮静思,认真
主动索吻,心动
困惑地托着下巴,疑惑
红着脸缩到角落里,害羞
做出夸张的嫌弃表情,厌恶
惊颤,惊讶
疯狂眨眼,难为情
扑闪着大眼睛,高兴
嘴角轻轻抽搐,厌恶
冷静,平静
昂首,自信
快乐地上下蹦跳,兴奋
嫌弃地吹气,厌恶
仔细核对,认真
睥睨一切,自信
难掩渴求,心动
记忆性快感,心动
唾手可得,自信
脸红爆炸,难为情
扶着脸颊叹气,无奈
意外地眨眨眼,惊讶
握拳不满,生气
捧着脸开心地眯眼,高兴
露出小虎牙,高兴
吓得咬嘴唇,害怕
专注地看着,认真
朦胧,平静
反感地转过头,厌恶
不慌不忙,自信
紧张地搓着手指,害怕
主动贴近,心动
突然打了个寒颤,害怕
小声地咕哝了一下,害羞
躲到你身后发抖,害怕
厌恶地撇开目光,厌恶
好奇地竖起耳朵,疑惑
双手抱胸思考,认真
嫌弃地翻白眼,厌恶
轻轻咂嘴但没反驳,无奈
扮鬼脸,调皮
突然坏笑,调皮
语无伦次,慌张
厌恶地深呼吸又憋住,厌恶
羞耻假死,难为情
托腮发呆不想回应,无奈
兴奋地拍打胸口,兴奋
眼睛弯成月牙,高兴
晒太阳,平静
慌张地走来走去,慌张
不悦地盯着你,生气
从容应对,自信
热锅上的蚂蚁,慌张
紧张地攥紧拳头,紧张
用手指点着桌面计数,无奈
快乐地上下晃动手臂,兴奋
嘴角微微翘起,高兴
害怕地低下头,害怕
悄悄低下头,害羞
害怕地抱头蹲下,害怕
焦虑地来回踱步,担心
焦虑地揉着耳朵,担心
翻着白眼嘟嘴,生气
缩成球,难为情
不安地看向远处,担心
分泌爱液,心动
垂死挣扎,难为情
紧张地竖起耳朵,担心
皱眉盯着你,生气
低头沉思,认真
泪腺决堤,哭泣
濡染,心动
无声地掉眼泪,哭泣
担心地来回踱步,担心
崩溃,慌张
哺乳期敏感,心动
无声,平静
泪滑颈线,哭泣
自暴自弃,慌张
情欲印记,心动
提心吊胆,紧张
手足无措地站着,害羞
扑进你怀里,高兴
激动得耳朵抖动,高兴
激动得脸颊泛红,兴奋
突然公主抱,调皮
低头玩手指不想搭理,无奈
用手指轻轻敲椅背,无奈
不关心,平静
溢出,心动
歪着头思考,认真
用尾巴轻轻缠住手腕,无奈
惊吓,惊讶
意兴阑珊,平静
哭到缺氧,哭泣
困惑地歪着脑袋思考你的话,疑惑
自暴自弃,慌张
贪食体液,心动
担心地绞着尾巴,担心
懒得动,平静
瞪大眼睛不敢动弹,害怕
害羞得挠了挠耳朵,害羞
突然死机,难为情
敏感度提升,心动
担心地揉着耳朵,担心
不解地歪着耳朵思考,疑惑
困惑地歪着脑袋思考你的话,疑惑
反感地抱起手臂,厌恶
耳朵竖起,生气
兴奋地扑腾爪子,高兴
突然抱紧,调皮
用发夹夹袖,调皮
嫌弃地甩了甩头,厌恶
开心地蹦着转圈,兴奋
耳朵微微颤抖,紧张
厌恶地绷着脸,厌恶
兴奋地抓住你的手,高兴
额头冒汗,紧张
不解地歪着耳朵,疑惑
轻轻拉住自己的袖口,害羞
慌乱地看表,慌张
害怕地闭紧眼,害怕
眼神回避,紧张
满足地眯起眼睛,高兴
狂喜,兴奋
叉着腰冷哼,生气
认真思考,认真
生气地晃着尾巴,生气
害怕地躲起来,害怕
假装要踩脚,调皮
惊恐地尖叫,害怕
心平气和,平静
屈服,哭泣
带着哭腔,害怕
快乐地左右摇摆椅子,兴奋
翻着白眼,生气
迫不及待地点头,高兴
幻想妊娠,心动
突然举高高,调皮
慢慢整理逻辑,认真
跺脚抗议,生气
释然,平静
静静地思考,认真
焦虑地来回走动,担心
雀跃地跳了两下,高兴
焦虑,担心
隔岸观火,平静
难以想象,惊讶
举棋若定,自信
羞耻打滚,难为情
泪打转儿,哭泣
用尾巴把自己稍微裹住,无奈
突然站起来,慌张
泪沾睫毛,哭泣
不耐烦地叹了口气,厌恶
紧张地攥紧拳头,担心
气呼呼地鼓起脸颊,生气
不爽地哼一声,生气
月朗风清,平静
吐息温热,心动
泪如雨下,哭泣
扑进你怀里蹭蹭,高兴
用尾巴挡住鼻子,厌恶
耳朵耸拉下来,紧张
尾巴炸开,生气
调皮地蹦跳,调皮
羞耻撞墙,难为情
惊慌失措,慌张
索求无度,心动
嫌弃地后退了半步,厌恶
尾巴害怕地抖动,害怕
疑惑地歪着头表示不明白,疑惑
疲乏,平静
认真地审视,认真
惊异非常,惊讶
调皮地戳一下就跑,调皮
没精神,平静
绞着衣角不敢看,紧张
惊恐地看着前方,害怕
眼神飘忽不定,紧张
捏了捏自己的衣角,害羞
疑惑地歪着尾巴思考你说的话,疑惑
情热难耐,心动
贪求快感,心动
反感地绷紧下巴,厌恶
呼吸变快,紧张
扶了扶眼镜,认真
核爆级羞耻,难为情
黑化,调皮
拍拍爪子,高兴
呆然,平静
呼吸变得急促,紧张
难为情地低头,难为情
平息,平静
耍滑,调皮
张开双手迎接你,高兴
难耐,心动
突然警觉,紧张
脸颊微微泛红,害羞
低头看着报告,认真
臣服欲望,心动
泪浸衣领,哭泣
慌张,慌张
撅起嘴不理人,生气
把手放在后颈上叹气,无奈
耷拉着耳朵叹气,无奈
吓得闭上眼,害怕
渴望触碰,心动
突然乱码,难为情
完全没想到,惊讶
尾巴不安地动了动,害羞
紧张地吞咽口水,紧张
摇头晃脑,高兴
渴求内射,心动
轻轻靠近又立刻后退,害羞
不解地歪着头思考你的话,疑惑
不解地歪着耳朵听你说明,疑惑
小跑着靠近你,高兴
不好意思地笑,难为情
慌张地握紧又松开,慌张
惊愕地捂住嘴,惊讶
用围巾捆手,调皮
木然,平静
假装要踢人,调皮
慌张地环顾四周,慌张
泪落如豆,哭泣
羞赧地躲闪目光,难为情
兴奋地拍打大腿,兴奋
发出轻快的哼声,高兴
讨厌,厌恶
气得直跺脚,生气
厌恶地移开视线,厌恶
不安地左右晃动,慌张
沉着冷静,认真
不开心地嘟囔,生气
灵魂出窍,难为情
泪流满面,哭泣
用手梳了梳耳朵的毛,无奈
稳坐钓鱼,自信
屈服性快感,心动
幻想受孕,心动
倦意,平静
静谧,平静
紧张地捏着衣角,担心
害羞地偷偷瞄了一眼,害羞
愕然地僵在原地,惊讶
攥紧袖口,紧张
咬着嘴唇思考,认真
耳朵紧紧贴着头,害怕
突然吓人,调皮
假装要推倒,调皮
不自觉地翘起嘴角,高兴
羞耻漏色,难为情
开心地伸个懒腰,高兴
羞耻漏勺,难为情
激动地原地蹦跳,兴奋
不安地看向远处,担心
快乐地左右晃动手臂,兴奋
用尾巴轻轻扫过地板,无奈
困惑地歪着脑袋思考你的意思,疑惑
假装要亲亲,调皮
嘴角止不住地上扬,高兴
燥热,心动
哺乳渴望,心动
戳脸颊,调皮
紧张地捏着衣角,担心
偷偷吸了一口气,害羞
震惊,惊讶
快乐地前后晃动椅子,兴奋
脚尖轻点地面,紧张
生气地抬起头,生气
撇了撇嘴,厌恶
决胜千里,自信
不安地看向门口,担心
抽泣,哭泣
胜似闲庭,自信
发呆,平静
害怕地捂住脸,害怕
抿嘴露出勉强的笑容,无奈
咧开嘴露出小尖牙,高兴
手足无措,慌张
鼓着脸颊生闷气,生气
快乐地前后晃动身体,兴奋
害羞地摸了摸鼻子,害羞
哭花妆容,哭泣
兴奋地拍打冰箱门,兴奋
快乐地左右摇摆,兴奋
小心翼翼地往后退,害怕
触目惊心,惊讶
不动声色,平静
疑惑地竖起耳朵听,疑惑
兴奋地摇晃着尾巴,兴奋
咬唇落泪,哭泣
昏昏欲睡,平静
闭目,平静
轻轻拍你,高兴
兴奋地拍打车窗,兴奋
心疼,担心
拘谨,紧张
开心得语速飞快,兴奋
稳操胜券,自信
嘴巴微微撅起,厌恶
自爆发言,难为情
害羞地捂住嘴巴,害羞
索然无味,平静
古井无波,平静
脸红到耳根,害羞
身体微微颤抖,害怕
兴奋地拍打树干,兴奋
心无旁骛地研究,认真
双手一摊表示认输,无奈
不高兴地鼓起脸颊,生气
生气地背过身,生气
眼眶发红,哭泣
揪尾巴,调皮
晃动脚踝,紧张
躺平,平静
狼狈不堪,慌张
耳朵微微抖动,高兴
"突然想到什么,害羞地玩着尾巴",害羞
缓缓地梳理思路,认真
慌乱,慌张
轻轻揪着自己的袖子,害怕
把脸转向一边不说话,无奈
钻地缝,难为情
偷偷系围巾,调皮
慌张地深呼吸,慌张
手插腰生闷气,生气
脸颊通红,害羞
死鱼眼看向一旁,无奈
露出小尖牙,高兴
开心地晃着脑袋,高兴
手忙脚乱地比划着,兴奋
焦虑地抓着尾巴尖,担心
羞耻漏气,难为情
疑惑地歪着头表示疑问,疑惑
哭到腿软,哭泣
用手指敲桌面缓解烦躁,无奈
翻开新的一页,认真
冷冷地盯了一眼,厌恶
求偶鸣叫,心动
泪染脸颊,哭泣
惊缩,惊讶
慌张地摆手,慌张
打哈欠,平静
紧张地咽口水,紧张
泪光闪烁,哭泣
轻轻拽住你的手,高兴
潮吹失禁,心动
把鞋带系死,调皮
专注地盯着课本,认真
松口气,平静
超然,平静
恐惧地紧闭嘴巴,害怕
羞愤,生气
尾巴摇得像风车,高兴
突然害羞,害羞
手足无措地捏衣角,慌张
把笔插头发,调皮
低声重复知识点,认真
沉寂,平静
安眠,平静
腺体肿胀,心动
镇定自若,平静
彻底破防,哭泣
超小声,害羞
哭到打颤,哭泣
惊惶失措,惊讶
瑟瑟发抖,害怕
羞耻漏识,难为情
看窗外,平静
焦虑地捏着手指,担心
害羞地清清嗓子,害羞
泪珠悬垂,哭泣
用手指绕着圈玩,无奈
渴望成结,心动
慵懒,平静
哭到语塞,哭泣
快乐地晃着脑袋,兴奋
嘴角上扬,高兴
不安地看向门口,担心
哭到踢腿,哭泣
疑问,疑惑
低声自言自语,认真
巢穴本能,心动
害羞地撩了撩头发,害羞
寂静,平静
焦虑地搓着手指,担心
波澜不惊,平静
哭到蜷缩,哭泣
嫌弃地甩了甩手,厌恶
开心地小跳着哼歌,兴奋
困意绵绵,平静
濡湿,心动
嫌弃地拍衣服,厌恶
别过脸不想继续话题,无奈
目光坚定,认真
用尾巴扫了扫地板,无奈
生气地撅起嘴,生气
不服气地挺胸,认真
恐惧地发抖,害怕
旁观,平静
淡然,平静
调皮地吐舌头,调皮
慕强本能,心动
临危不乱,自信
紧张地手心出汗,紧张
垂着尾巴不想动弹,无奈
反感地搓手臂,厌恶
嘟囔着抱怨,生气
哭红鼻尖,哭泣
偷偷瞄了你一眼,害羞
惊诧,惊讶
眼神死,难为情
措手不及,惊讶
原地升天,难为情
害怕地紧贴墙壁,害怕
咬着牙冷哼,生气
扭腰磨蹭,心动
羞耻咬舌,难为情
惊起,惊讶
悠闲,平静
泪眼婆娑,哭泣
盯着你不说话,生气
抱着尾巴转圈,高兴
摆摆手表示放弃争论,无奈
兴奋地拍打方向盘,兴奋
耳朵兴奋地颤抖,高兴
害怕地抓住衣角,害怕
眼神不安地四处张望,害怕
瑟缩着抱紧自己,害怕
泪湿袖口,哭泣
用纸卷敲头,调皮
从容不迫,自信
松了口气,平静
失声惊呼,惊讶
把笔帽藏起,调皮
从容自若,自信
手插兜皱眉,生气
灵魂出窍,慌张
惊讶地瞪大眼,惊讶
兴奋地拍桌子,兴奋
嫌弃地耸鼻子,厌恶
求偶行为,心动
用指节轻轻敲肩膀,无奈
黏腻,心动
困惑地皱起眉头,疑惑
不安,担心
反感地抖肩膀,厌恶
微微皱鼻露出嫌弃的表情,厌恶
皱眉不满,生气
细细品味,认真
羞耻漏感,难为情
冷淡,平静
愤愤不平地跺脚,生气
气定神闲,自信
目瞪口呆,惊讶
迷恋气息,心动
迷糊,平静
手指轻敲桌面,认真
紧张地攥紧衣角,担心
脚尖轻轻踮起,高兴
嘴角抽搐了一下,厌恶
背后冒出冷汗,紧张
轻轻甩了甩尾巴,害羞
跺脚翻白眼,生气
心慌意乱,慌张
耳朵紧张地抖动,紧张
不解地歪着头思考你的解释,疑惑
报复,生气
打盹,平静
掩面而泣,哭泣
不甚在意,平静
认真思考,认真
毫不关心,平静
掌控全局,自信
嫌弃地后退一步,厌恶
用尾巴挡住脸不想看,无奈
厌恶地摇了摇头,厌恶
无声流泪,哭泣
无趣,平静
心急火燎,慌张
匪夷所思,惊讶
扶额闭眼深呼吸,无奈
摇着尾巴贴近你,高兴
慌乱地差点摔倒,慌张
结结巴巴,紧张
突然石化,难为情
困惑地眨巴着眼睛,疑惑
把手放在腰侧叹气,无奈
哭到脱力,哭泣
漫不经心,平静
看着屏幕若有所思,认真
厌恶地别过脸,厌恶
冷哼一声扭头,生气
轻轻捂住嘴巴,害羞
把手臂交叉在胸前,无奈
眯起眼睛笑,高兴
咬住下唇,心动
稳如泰山,自信
哭到握拳,哭泣
手臂抱紧身体,害怕
彻底投降,哭泣
胸口起伏,心动
不安地搓着衣角,担心
摆弄着计算器,认真
把眼镜戴歪,调皮
扑进你怀里蹭蹭,高兴
慌乱地抓头发,慌张
傲视群雄,自信
叉腰怒气冲冲,生气
安宁,平静
把围巾拉高遮住半张脸,无奈
疑惑地歪着头表示不太懂,疑惑
乏力,平静
不解地歪着耳朵听你讲述,疑惑
小声,害羞
高兴,高兴
咬紧牙关,紧张
斜眼瞥了一下但没说话,无奈
灵光一闪,自信
疑惑地歪着脑袋思考,疑惑
欢快地转圈,高兴
困惑地歪着脑袋发出困惑的声音,疑惑
渴望受孕,心动
喜欢,心动
忘情呻吟,心动
踩影子,调皮
紧张地来回踱步,紧张
羞耻结巴,难为情
不解地歪着头思考你说的话,疑惑
焦虑地来回走动,担心
置身事外,平静
慌乱地抓头发,慌张
耳朵竖起不满,生气
愤羞,生气
沉浸在书本里,认真
焦虑地咬着嘴唇,担心
小憩,平静
用尾巴挡住半边身体,无奈
恬淡,平静
认真地调整耳机,认真
拍案惊奇,惊讶
厌恶地抿嘴唇,厌恶
开心地摇耳朵,高兴
慌张地低头,慌张
假装摔倒,调皮
把手放在膝盖上握紧,无奈
嫌弃地抬起下巴,厌恶
兴奋地手都不知道放哪,兴奋
喘息急促,心动
偷偷踮脚靠近你,高兴
厌恶,厌恶
边看边点头,认真
补觉,平静
疑惑地歪着尾巴思考你的话,疑惑
认真地记录,认真
把玩自己的围巾末端,无奈
把外套拉链拉上拉下,无奈
突然发现,紧张
快乐地扭来扭去,兴奋
魂不守舍,慌张
哭到窒息,哭泣
厌恶地撇了撇嘴角,厌恶
尾巴高高翘起,高兴
心头一震,惊讶
突然软倒,紧张
紧张地攥紧拳头,担心
高兴摇晃着尾巴,高兴
泪珠滚落,哭泣
生气地翘起耳朵,生气
愤愤不平地扭头,生气
被开发身体,心动
哽咽,哭泣
泪染被单,哭泣
认真地计算,认真
委屈地抽泣,哭泣
用手指卷着围巾玩,无奈
瞳孔放大,惊讶
困惑,疑惑
尴尬地笑,紧张
浅睡,平静
纳闷地挠挠头,疑惑
焦虑地咬着嘴唇,担心
点头思索,认真
泪落无声,哭泣
聚精会神,认真
子宫收缩快感,心动
情动,心动
偷偷瞟了一眼,害羞
泪湿衣襟,哭泣
撇了一眼就立刻移开视线,厌恶
笔直地盯着屏幕,认真
脚趾抠地,难为情
专注地修正错误,认真
闻之色变,惊讶
用尾巴轻轻拍打地面,无奈
蹦跳着拍打沙发,兴奋
开心地跺着小碎步,兴奋
发情,心动
骤然一惊,惊讶
用橡皮筋射,调皮
眼神犀利,生气
疑惑地歪着脑袋思考你说的话,疑惑
羞耻漏字,难为情
心跳加速,慌张
嫌弃地皱起鼻尖,厌恶
双腿发软,心动
转圈圈转个不停,高兴
不解地歪着耳朵听,疑惑
胜券在握,自信
指尖颤抖,心动
害羞地低下头去,害羞
气鼓鼓地跺脚,生气
结结巴巴,慌张
纳闷地挠头,疑惑
嫌弃地轻哼,厌恶
用手指按揉太阳穴,无奈
偷偷笑出声,高兴
捂着脸躲避,慌张
释然,平静
悄悄躲到你身后,害羞
袖手旁观,平静
兴奋地拍打地面,兴奋
当场石化,难为情
假装要咬人,调皮
睡眼惺忪,平静
子宫悸动,心动
惊恐地瞪圆眼睛,害怕
疑惑地歪着尾巴表示困惑,疑惑
疑惑地歪着尾巴思考你的解释,疑惑
运筹千里,自信
恐惧地咽口水,害怕
假装要扑倒,调皮
泪滴下巴,哭泣
平复,平静
甩着尾巴生气,生气
耳朵兴奋地抖动,高兴
撅着嘴瞪你,生气
用发圈弹人,调皮
激动地抓着枕头跳,兴奋
目瞪口呆,惊讶
平和,平静
嘟着嘴鼓起腮帮,生气
翻着白眼撇嘴,生气
藏起遥控,调皮
耍赖,调皮
平心静气,平静
大脑宕机,难为情
紧张得脖子僵硬,紧张
抱紧自己的尾巴,害怕
惊讶地放下手中的东西,惊讶
轻轻耸了耸鼻子,厌恶
生殖崇拜,心动
咬吸管玩,调皮
散发费洛蒙,心动
揉着太阳穴叹气,无奈
疑惑地歪头,疑惑
把玩自己的发梢,无奈
自喜,自信
翻着白眼冷哼,生气
疲惫,平静
眯一会,平静
突然结冰,难为情
羞耻漏码,难为情
高高扬起脑袋,高兴
厌恶地嘁了一声,厌恶
深眠,平静
心惊肉跳,惊讶
尾巴不安地摆动,慌张
"干巴巴地说""你高兴就好""",无奈
假装要捏耳,调皮
溢出呻吟,心动
把手背贴在额头上,无奈
性器充血,心动
把围巾绑脚,调皮
笑出声来,高兴
拖着脚步慢慢走开,无奈
偷偷瞥了你一眼,害羞
口齿不清,难为情
慌乱地摆动着尾巴,慌张
依赖雄性素,心动
开心地拍打膝盖,兴奋
抖着耳朵笑,高兴
垂死挣扎,难为情
无所谓,平静
担心地握紧双手,担心
温柔,害羞
沉默,平静
轻轻用爪子挡住脸,害羞
担心地绞着尾巴,担心
惊厥,惊讶
把糖纸塞领,调皮
把衣领竖起来遮脸,无奈
自信微笑,自信
抢零食,调皮
意外之极,惊讶
厌恶地撇嘴,厌恶
害怕地咬着嘴唇,害怕
不悦地眨了眨眼,厌恶
眨眼次数变多,紧张
把书立脸上,调皮
苦笑,无奈
慌手慌脚,慌张
百无聊赖,平静
嫌弃地用手指弹开,厌恶
面色骤变,惊讶
倒吸一口凉气,慌张
诧异,惊讶
愤愤不平,生气
主动引导,心动
吃惊,惊讶
脚尖不停点地,慌张
激动地抓着沙发跳,兴奋
突然撒娇,害羞
撇嘴轻轻摇头,厌恶
点头确认,认真
满不在乎,平静
突然噎住,紧张
索然,平静
快乐地哼着歌转圈,兴奋
用便签贴脸,调皮
突然抬头眼睛亮晶晶,高兴
吓了一大跳,惊讶
撇开视线不想说话,无奈
困惑地歪着尾巴表示不解,疑惑
惊恐地瑟瑟发抖,害怕
羞耻漏网,难为情
静卧,平静
疑惑地歪着尾巴思考你的话,疑惑
冲淡,平静
发情,心动
手足无措地揪着衣角,害羞
不安地揉着耳朵,担心
突然学猫叫,调皮
尾巴僵硬地晃动,紧张
生气,生气
呼吸急促地喘息,害怕
惊讶地顿住,惊讶
语无伦次,慌张
梦游,平静
呼吸变得急促,害怕
轻轻拽着你的衣角,害羞
偷拍丑照,调皮
发愁,担心
双手抱拳欢呼,高兴
伤心地流泪,哭泣
偷笑,调皮
轻轻咬住嘴唇,害羞
喉头发紧,紧张
屈服性支配,心动
疑惑地歪着尾巴思考你的话,疑惑
泪湿鬓角,哭泣
惊心动魄,惊讶
气鼓鼓地跺了一下,生气
不知所措,慌张
手托着下巴,认真
紧张地竖起耳朵听动静,担心
不安,紧张
不解地歪着尾巴,疑惑
眼睛闪闪发光,高兴
手心冒汗,紧张
惊愕地张大嘴,惊讶
耳朵害羞地抖了抖,害羞
神经紧绷,紧张
沉默地咀嚼信息,认真
手托下巴翻书,认真
绝望,紧张
耳朵不满地抖动,生气
皱着鼻子撅嘴,生气
羞耻漏觉,难为情
静静地整理思绪,认真
紧张地搓着手,担心
快乐地前后摆动脑袋,兴奋
胃部紧缩,紧张
慌乱地解释,慌张
难以置信地摇头,惊讶
抱头蹲防,难为情
站立变得僵硬,紧张
心跳加速,紧张
轻轻碰了碰你的脸,高兴
红着脸不敢说话,害羞
脸红着轻轻点头,害羞
惊跳,惊讶
手指轻点书页,认真
狡黠地偷笑,调皮
慕强性冲动,心动
镇定,平静
惊退,惊讶
崇拜生殖力,心动
专注地盯着你,认真
紧张到口干舌燥,紧张
小声地吞了口唾沫,害怕
失神,慌张
突然结巴,难为情
坏笑,调皮
嘴角不安地抿着,害羞
不解,疑惑
最终防线,紧张
羞耻漏记,难为情
成瘾性臣服,心动
困惑地歪着脑袋思考问题,疑惑
惊恐地炸毛,害怕
不解地歪着头思考你的讲述,疑惑
羞耻漏味,难为情
紧张到抖腿,紧张
假装失聪,难为情
开心地蹦跳着唱歌,兴奋
终极反击,生气
眼神闪烁,害羞
羞耻漏电,难为情
快乐地上下点头,兴奋
偷看了一下又赶紧移开目光,害羞
紧张地攥紧衣角,担心
吓得全身僵硬,害怕
害羞得不知道该说什么,害羞
把纸巾撕碎,调皮
快乐地左右摇晃,兴奋
紧张地攥紧拳头,担心
咽了口唾沫,慌张
厌恶地抽嘴角,厌恶
扶额摇头,无奈
雌伏本能,心动
安之若素,平静
诧异地扭头,惊讶
发情期呻吟,心动
不解地歪着脑袋,疑惑
激动地抓着零食跳,兴奋
开心地拍手雀跃,兴奋
歪嘴露出苦笑,无奈
从容淡定,自信
心不在焉,平静
反感地轻摇头,厌恶
悄悄捂住自己的脸,害羞
恍惚,平静
抖抖耳朵露出微笑,高兴
不知如何回答,慌张
想不通地咬嘴唇,疑惑
仓皇失措,慌张
厌恶地搓了搓手,厌恶
悄悄地躲开视线,害羞
听音乐,平静
突然反击,生气
紧张地看表,紧张
疯狂摆手,难为情
反感地合上眼睛,厌恶
雌性本能,心动
开心地小跳着走路,兴奋
轻轻咬着指尖,害羞
偷偷撇开目光,害羞
悄悄别过头去,害羞
倦怠,平静
轻轻拉住你的袖子,害羞
气得头发炸起,生气
紧盯着公式,认真
炸毛,生气
无精打采,平静
激动地抓着抱枕跳,兴奋
困惑地歪着脑袋思考你的意思,疑惑
咬住下唇,紧张
冷哼一声撇过头,生气
紧盯着数据,认真
崇拜雄性力,心动
困惑地歪着脑袋思考你的问题,疑惑
生气地瞪着你,生气
泰然自若,平静
用吸管喷水,调皮
错愕万分,惊讶
按着太阳穴思考,认真
单手撑脸生无可恋,无奈
用指甲轻轻刮下巴,无奈
疑惑地歪着头表示困惑,疑惑
激动地抓着围巾转圈,兴奋
羞耻漏帧,难为情
轻快地甩尾巴,高兴
担忧地看着,担心
惊呆,惊讶
突然蒸发,难为情
认真地分析,认真
措手不及,慌张
低声咕哝着不满,厌恶
尾巴晃得停不下来,高兴
害羞地捂住了脸,害羞
甘甜信息素,心动
胸有成竹,自信
害怕地缩起肩膀,害怕
突然站起来,慌张
冷眼旁观,平静
突然返祖,难为情
佛系,平静
轻快地摇着尾巴,高兴
疑惑地歪着头看你,疑惑
害怕地哆嗦着说话,害怕
手指轻轻戳着衣角,害羞
害怕地蜷缩起身体,害怕
不安地揉着耳朵,担心
快乐地晃着肩膀,兴奋
嘴唇抿成一条线,紧张
害羞地搓了搓手指,害羞
手忙脚乱,慌张
平静,平静
死死盯着你,生气
兴致索然,平静
焦灼,心动
开心地小跑着欢呼,兴奋
焦虑地来回走动,担心
担心地咬着下唇,担心
害羞,害羞
扑闪着睫毛,高兴
突然眼睛一亮,高兴
嫌弃地侧身躲开,厌恶
厌恶地咬着下唇,厌恶
身体空虚,心动
嫌弃地咂舌,厌恶
气鼓鼓,生气
蹦蹦跳跳地走动,高兴
自弃自暴,慌张
用手遮住眼睛深呼吸,无奈
神色自若,平静
不解地皱眉,疑惑
焦虑地来回踱步,担心
小声地嘀咕,害羞
手足无措,慌张
开心地小跳步前进,兴奋
认真地盯着屏幕,认真
惊惶,惊讶
困惑地歪着头表示不明白,疑惑
耳朵竖得笔直,高兴
扬颌,自信
嘟囔着抗议,生气
甩开你的手,生气
惊讶地瞪圆眼睛,惊讶
不知所措地站着,慌张
眼泪汪汪,害怕
忧虑地叹气,担心
轻轻叹气调整呼吸,紧张
疑惑地摸摸耳朵,疑惑
惊慌地躲到人身后,害怕
手臂僵硬,紧张
忧虑地叹气,担心
自暴自弃,慌张
抱臂,自信
捉弄,调皮
用指节轻轻敲脑袋,无奈
手脚乱晃,慌张
紧张地绷紧身体,担心
悄悄躲在你身后,害羞
太意外了,惊讶
高高跃起,高兴
反感地僵住,厌恶
主动侍奉,心动
开心地蹦跳着转圈,兴奋
心若冰清,平静
用指甲轻轻刮裤子,无奈
快乐地晃着手指,兴奋
慌张地脸红,慌张
恬静,平静
饥渴,心动
不受干扰地学习,认真
攥紧拳头,紧张
用衣角擦并不存在的汗,无奈
潮红,心动
假装要绊脚,调皮
渴求,心动
紧张地深呼吸,紧张
闷闷不乐地踢地板,生气
用指甲轻轻刮手臂,无奈
担心地揉着耳朵,担心
咬牙切齿,生气
如芒在背,紧张
意识朦胧,慌张
突然降智,难为情
激动地挥舞双手,兴奋
皱着眉沉默,生气
颤抖,紧张
说话打结,慌张
把围巾绕了一圈又一圈,无奈
眼神躲闪,慌张
假装要掐脸,调皮
发情标记,心动
紧张地吞咽口水,担心
气呼呼地鼓起脸颊,生气
嘴唇微微颤抖,害怕
无奈地叹了口气,无奈
恐惧地攥紧手心,害怕
意外地倒吸气,惊讶
担心地咬着下唇,担心
害怕地盯着地面,害怕
激动地抓着手机跳,兴奋
寂静,平静
吓得僵住,害怕
兴奋地原地小跑,兴奋
眼神躲躲闪闪,害羞
冷眼旁观,平静
用尾巴尖轻轻拍打小腿,无奈
技术恐吓,生气
渴望填满,心动
认真地回忆,认真
不安地看向门口,担心
偷瞄,害羞
翻动笔记本,认真
不自觉地绞着手指,紧张
突然宕机,难为情
对比数据,认真
激动地抓着玩偶跳,兴奋
兴奋地拍手,高兴
紧紧抓住衣角,紧张
紧紧攥拳,生气
害怕地缩成一团,害怕
不解地歪着头思考你的问题,疑惑
晴天霹雳,惊讶
哭到打嗝,哭泣
宁静,平静
紧张得抖了抖耳朵,害羞
担心地追问,担心
冥想,平静
泪落掌心,哭泣
跺脚表达不满,生气
羞耻漏格,难为情
双手抱胸一脸不耐烦,厌恶
安逸,平静
后退一步远离,厌恶
害怕地后退一步,害怕
屈服,哭泣
泪滴成线,哭泣
尾巴害怕地夹起来,害怕
悄悄画脸,调皮
轻轻拍打爪子,高兴
惊恐地瞪大眼,害怕
惊慌,慌张
哭到恍惚,哭泣
眼泪在眼眶里打转,哭泣
开心地拍打墙壁,兴奋
困乏,平静
目瞪口呆地看着,惊讶
坦然,平静
淡定指挥,自信
躲开视线不想看,厌恶
缩紧尾巴,害怕
突然不知所措,慌张
把头发打结,调皮
悠然,平静
心如止水,平静
哭到喘不过气,哭泣
紧张地绞手指,紧张
渴望侵入,心动
邀请标记,心动
想消失,难为情
哭到咳嗽,哭泣
耳朵紧张地抖动,紧张
忧心地看着你,担心
方寸大乱,慌张
突然蓝屏,难为情
诧异地挑眉,惊讶
了然,平静
怀疑地眯眼,疑惑
激动地抓着靠垫跳,兴奋
不安地调整站姿,紧张
用尾巴把自己裹得更紧,无奈
悄悄躲到阴影里,害怕
抓了抓头发叹气,无奈
慌乱地摆手,慌张
吹吹风,平静
同归于尽,生气
居高临下,自信
使坏,调皮
下意识地后退一步,慌张
困惑地眨眼,疑惑
焦虑地来回踱步,担心
极度惊恐,慌张
平缓,平静
突然扑咬,生气
难为情地抿嘴,难为情
睡着,平静
掌控全场,自信
愤愤地握拳,生气
微微后仰拉开距离,厌恶
用脚尖轻轻点地打发时间,无奈
干笑两声不再接话,无奈
嫌弃地摆摆手,厌恶
心如止水,平静
吓得不敢动,害怕
科学反驳,认真
紧盯着目标,认真
怡然自得,自信
跳起来抱住你,高兴
厌恶地眯起眼,厌恶
偷瞄了一眼又迅速移开,害羞
双手握紧不知所措,害怕
用尾巴轻轻拍地表达不满,无奈
哭到抽搐,哭泣
自暴自弃,慌张
把手放在桌下握拳,无奈
困惑地竖起耳朵,疑惑
耳朵尖微微颤抖,害羞
翻了个白眼但没说话,无奈
紧张地握紧又松开,紧张
尾巴悄悄藏到身后,害羞
认真,认真
泪眼模糊,哭泣
脸颊泛红,害羞
不安地绞动手指,害羞
怒目而视,生气
兴奋地拍打床铺,兴奋
扶额露出疲惫的微笑,无奈
激动地抓着围巾跳,兴奋
愕然地盯着看,惊讶
耳朵压低不说话,生气
渴求受种,心动
疑惑地歪着头发出呜声,疑惑
咬着嘴唇,慌张
安静,平静
运筹帷幄,自信
激动地抓着毯子跳,兴奋
露出满足的笑容,高兴
昏沉,平静
暴怒,生气
用手指轻轻敲额头,无奈
嘴唇微微颤抖,害羞
叹为观止,惊讶
轻轻摇晃尾巴,高兴
大眼睛扑闪扑闪,高兴
失控高潮,心动
假装要挠人,调皮
深呼吸,平静
翻阅着资料,认真
羞耻漏影,难为情
轻轻捂住鼻子,厌恶
大惊失色,惊讶
不解地歪着耳朵听你说话,疑惑
泪滴晶莹,哭泣
肩膀颤抖,哭泣
难耐扭动,心动
把袜子套手,调皮
威胁,生气
不安地搓着袖子,慌张
突然忘词卡壳,紧张
大气不敢出,紧张
激动地来回踱步,兴奋
从容,平静
仔细倾听,认真
羞耻滑跪,难为情
轻哼了一声,厌恶
突然失忆,难为情
突然捏腰肉,调皮
兴奋地拍打衣柜,兴奋
歪着头思考,疑惑
小小声地回答,害羞
悄悄往后退了一步,害羞
清静无为,平静
惊恐地缩脖子,害怕
紧张地攥紧衣角,担心
迷茫,疑惑
瞬间手足无措,慌张
震惊地站起来,惊讶
乏味,平静
突然破功笑出来,高兴
羞耻漏键,难为情
想睡觉,平静
性感带开发,心动
雌性荷尔蒙,心动
炸毛地抖动尾巴,生气
哽咽着说不出话,哭泣
兴奋地挥手,高兴
惊惶失措,慌张
害怕地睁大双眼,害怕
不解地歪着耳朵听你说明,疑惑
不解地摊手,疑惑
小声地嗯了一下,害羞
突然404,难为情
紧绷,紧张
耳朵微微垂下,害羞
双手紧紧抱在胸前,紧张
轻轻拉住衣角,害羞
焦虑地搓着手指,担心
假装要撞人,调皮
满脸写着拒绝,厌恶
低头轻轻叹了口气,厌恶
挺胸,自信
蹦蹦跳跳地转圈,高兴
用脚趾夹人,调皮
不好意思地扯衣角,难为情
狡黠地歪头笑,调皮
开心地小跳着前进,兴奋
呼吸急促,慌张
淡泊,平静
生闷气,生气
厌恶地握紧拳头,厌恶
耳朵害怕地抖了一下,害怕
激动地咬着手套,兴奋
匆忙后退,慌张
翻了个不屑的眼神,厌恶
不解地歪着耳朵听你讲述,疑惑
突然猫叫,难为情
飘然,平静
小声嘟囔,害羞
求欢姿态,心动
泪迹斑斑,哭泣
怡然,平静
沉溺快感,心动
惊慌地后退,害怕
慌乱地翻找,慌张
紧张地绞着自己的尾巴,害羞
羞耻漏声,难为情
不安地扯着衣服,慌张
不解地歪着头思考你的说明,疑惑
不可能吧,惊讶
抱着胳膊冷哼,生气
子宫收缩,心动
骇异非常,惊讶
突然蒙眼睛,调皮
翻阅笔记,认真
嫌弃地捂耳朵,厌恶
轻轻抽了口冷气,害怕
小心翼翼地书写,认真
不安地握拳又松开,担心
出人意料,惊讶
骇人听闻,惊讶
把袖子拉长盖住手掌,无奈
